Attack,Threshold,Accuracy,Precision,Recall,F1,AUC,TP,TN,FP,FN
Tuesday-WorkingHours.pcap_ISCX.csv,0.007489221170544624,0.5416339166676061,0.47736611985929844,0.032564940380212105,0.060970591693119025,0.48528369800097687,14521,514020,15898,431388
Wednesday-workingHours.pcap_ISCX.csv,0.007489221170544624,0.5713970232803134,0.9207003192338388,0.26646629219160306,0.4133128373468819,0.6291737149067228,184582,514020,15898,508121
Thursday-WorkingHours-Morning-WebAttacks.pcap_ISCX.csv,0.007489221170544624,0.741452039458277,0.24671878701729447,0.030563610109998474,0.054389437564957614,0.46761912821688245,5207,514020,15898,165159
Thursday-WorkingHours-Afternoon-Infilteration.pcap_ISCX.csv,0.007489221170544624,0.6509529394516933,0.5417915609868573,0.06513468375132535,0.11628899652951766,0.5677018036677739,18798,514020,15898,269804
Friday-WorkingHours-Morning.pcap_ISCX.csv,0.007489221170544624,0.7223764167051575,0.2989063326865408,0.03548078080750446,0.06343205012423436,0.4655095753893618,6778,514020,15898,184255
Friday-WorkingHours-Afternoon-PortScan.pcap_ISCX.csv,0.007489221170544624,0.6580424677082504,0.5933391313244999,0.08097267748117584,0.14249864080771346,0.6709114537793397,23196,514020,15898,263271
Friday-WorkingHours-Afternoon-DDos.pcap_ISCX.csv,0.007489221170544624,0.7955371640532883,0.8457044139912264,0.38600190480409313,0.5300671267500251,0.7043427404678065,87138,514020,15898,138607
