Attack,Threshold,Accuracy,Precision,Recall,F1,AUC,TP,TN,FP,FN
Tuesday-WorkingHours.pcap_ISCX.csv,0.003999682608991861,0.5425326415440441,0.49201175869120656,0.03453170938465023,0.0645341100784778,0.49332131229275483,15398,514020,15898,430511
Wednesday-workingHours.pcap_ISCX.csv,0.003999682608991861,0.5783263987777079,0.923915540411195,0.2786966419951985,0.4282214372459533,0.6474231013414381,193054,514020,15898,499649
Thursday-WorkingHours-Morning-WebAttacks.pcap_ISCX.csv,0.003999682608991861,0.7418704411353109,0.257033367604449,0.0322834368359884,0.05736217433929205,0.4842613364499088,5500,514020,15898,164866
Thursday-WorkingHours-Afternoon-Infilteration.pcap_ISCX.csv,0.003999682608991861,0.6486842105263158,0.5158805079326411,0.05870021690771374,0.10540659094515012,0.5771961501724266,16941,514020,15898,271661
Friday-WorkingHours-Morning.pcap_ISCX.csv,0.003999682608991861,0.7229007241823647,0.3104016656545502,0.037459496526778095,0.0668513267970498,0.4856325607112589,7156,514020,15898,183877
Friday-WorkingHours-Afternoon-PortScan.pcap_ISCX.csv,0.003999682608991861,0.6515553323493205,0.5296171371087046,0.06248538226043488,0.11178243017501131,0.6615578160018291,17900,514020,15898,268567
Friday-WorkingHours-Afternoon-DDos.pcap_ISCX.csv,0.003999682608991861,0.8055072168413697,0.8562177805914805,0.41937584442623316,0.5629960007730848,0.7570867840287062,94672,514020,15898,131073
