{
  "mavs": {
    "0": [
      14.706229209899902,
      -7.122912883758545,
      -21.413713455200195,
      -0.7888189554214478,
      -7.4240193367004395,
      -25.973474502563477
    ],
    "1": [
      3.8491108417510986,
      4.644232749938965,
      -18.92265510559082,
      -12.730413436889648,
      -13.219449996948242,
      -25.356258392333984
    ],
    "2": [
      3.950554370880127,
      -7.367332935333252,
      2.842883348464966,
      -3.066498041152954,
      -12.291083335876465,
      -23.242631912231445
    ],
    "3": [
      25.970354080200195,
      -24.670991897583008,
      -39.96018600463867,
      35.87964630126953,
      1.2599791288375854,
      -37.49574661254883
    ],
    "4": [
      4.1294708251953125,
      -3.0677993297576904,
      -5.528450965881348,
      -0.7648138999938965,
      5.796966552734375,
      -20.634342193603516
    ]
  },
  "weibull_params": {
    "0": [
      6.877287552361991,
      0,
      538.5396052941618
    ],
    "1": [
      0.803696917701475,
      0,
      54.0608797345264
    ],
    "2": [
      1.8526921235580764,
      0,
      21.983383448967338
    ],
    "3": [
      8.002677791915527,
      0,
      193.50833199689575
    ],
    "4": [
      2.5922850358935587,
      0,
      46.44350544120071
    ]
  },
  "known_classes": [
    0,
    1,
    2,
    3,
    5,
    6
  ],
  "unknown_classes": [
    4
  ],
  "tail_size": 200,
  "alpha_rank": 5,
  "distance_type": "cosine",
  "num_known": 6
}